<?xml version="1.0" encoding="UTF-8"?>
<EntityBundle>
  <Metadata>
    <EntityId>9</EntityId>
    <ReferenceCode>WF_CHANGE_REQUEST</ReferenceCode>
    <ExtractedFrom>https://ppm-dev.company.com</ExtractedFrom>
    <ExtractedAt>2025-10-07T18:00:03Z</ExtractedAt>
    <ExtractedBy>your_username</ExtractedBy>
  </Metadata>
  <Entities>
    <Entity>
      <Code>WF_CHANGE_REQUEST</Code>
      <Name>Mock Entity WF_CHANGE_REQUEST</Name>
      <Type>EntityType_9</Type>
      <Description>This is a mock entity for testing purposes</Description>
    </Entity>
  </Entities>
</EntityBundle>
