<?xml version="1.0" encoding="UTF-8"?>
<EntityBundle>
  <Metadata>
    <EntityId>19</EntityId>
    <ReferenceCode>RT_INCIDENT</ReferenceCode>
    <ExtractedFrom>https://ppm-dev.company.com</ExtractedFrom>
    <ExtractedAt>2025-10-07T18:35:15Z</ExtractedAt>
    <ExtractedBy>your_username</ExtractedBy>
  </Metadata>
  <Entities>
    <Entity>
      <Code>RT_INCIDENT</Code>
      <Name>Mock Entity RT_INCIDENT</Name>
      <Type>EntityType_19</Type>
      <Description>This is a mock entity for testing purposes</Description>
    </Entity>
  </Entities>
</EntityBundle>
