<?xml version="1.0" encoding="UTF-8"?>
<EntityBundle>
  <Metadata>
    <EntityId>17</EntityId>
    <ReferenceCode>RPT_INCIDENT_SUMMARY</ReferenceCode>
    <ExtractedFrom>https://ppm-dev.company.com</ExtractedFrom>
    <ExtractedAt>2025-10-07T18:35:16Z</ExtractedAt>
    <ExtractedBy>your_username</ExtractedBy>
  </Metadata>
  <Entities>
    <Entity>
      <Code>RPT_INCIDENT_SUMMARY</Code>
      <Name>Mock Entity RPT_INCIDENT_SUMMARY</Name>
      <Type>EntityType_17</Type>
      <Description>This is a mock entity for testing purposes</Description>
    </Entity>
  </Entities>
</EntityBundle>
