<?xml version="1.0" encoding="UTF-8"?>
<EntityBundle>
  <Metadata>
    <EntityId>9</EntityId>
    <ReferenceCode>WF_INCIDENT_MGMT</ReferenceCode>
    <ExtractedFrom>https://ppm-dev.company.com</ExtractedFrom>
    <ExtractedAt>2025-10-07T17:56:21Z</ExtractedAt>
    <ExtractedBy>testuser</ExtractedBy>
  </Metadata>
  <Entities>
    <Entity>
      <Code>WF_INCIDENT_MGMT</Code>
      <Name>Mock Entity WF_INCIDENT_MGMT</Name>
      <Type>EntityType_9</Type>
      <Description>This is a mock entity for testing purposes</Description>
    </Entity>
  </Entities>
</EntityBundle>
